{"chunk_definitions":[{"chunk_id":"csetup_chunk","chunk_label":"setup","document_id":"93055F71","expansion_state":0,"options":{"echo":false,"engine":"r","include":false,"label":"setup"},"row":7,"row_count":1,"visible":true},{"chunk_id":"c9fglk6cmnoe2","chunk_label":"boxplot-simulation-larger","document_id":"93055F71","expansion_state":0,"options":{"engine":"r","label":"boxplot-simulation-larger"},"row":332,"row_count":1,"visible":true}],"chunk_rendered_width":625,"default_chunk_options":{"dpi":200.0000000000000,"fig.cap":"","fig.height":2.500000000000000,"fig.path":"lecture-3-fig/","fig.width":4.000000000000000},"doc_write_time":1611896543,"working_dir":null}