{"chunk_definitions":[{"chunk_id":"csetup_chunk","chunk_label":"setup","document_id":"4BA698D5","expansion_state":0,"options":{"echo":false,"engine":"r","include":false,"label":"setup"},"row":7,"row_count":1,"visible":true},{"chunk_id":"cd11ny27658gw","chunk_label":"unnamed-chunk-1","document_id":"4BA698D5","expansion_state":0,"options":{"engine":"r","label":"unnamed-chunk-1"},"row":52,"row_count":1,"visible":true},{"chunk_id":"cjnzom2eefp9v","chunk_label":"unnamed-chunk-2","document_id":"4BA698D5","expansion_state":0,"options":{},"row":60,"row_count":1,"visible":true},{"chunk_id":"clzacdibl9zfb","chunk_label":"unnamed-chunk-3","document_id":"4BA698D5","expansion_state":0,"options":{},"row":68,"row_count":1,"visible":true},{"chunk_id":"cskrmmp3bjou8","chunk_label":"unnamed-chunk-4","document_id":"4BA698D5","expansion_state":0,"options":{},"row":76,"row_count":1,"visible":true},{"chunk_id":"c7m3ctxwa9233","chunk_label":"unnamed-chunk-5","document_id":"4BA698D5","expansion_state":0,"options":{},"row":87,"row_count":1,"visible":true},{"chunk_id":"c12aj8hlimbym","chunk_label":"unnamed-chunk-6","document_id":"4BA698D5","expansion_state":0,"options":{},"row":96,"row_count":1,"visible":true},{"chunk_id":"c09qa9koivauf","chunk_label":"unnamed-chunk-7","document_id":"4BA698D5","expansion_state":0,"options":{},"row":110,"row_count":1,"visible":true},{"chunk_id":"cxdswg68nib8o","chunk_label":"unnamed-chunk-8","document_id":"4BA698D5","expansion_state":0,"options":{},"row":124,"row_count":1,"visible":true},{"chunk_id":"czkc8dtd43kst","chunk_label":"unnamed-chunk-9","document_id":"4BA698D5","expansion_state":0,"options":{},"row":134,"row_count":1,"visible":true},{"chunk_id":"ceqbkau3lqyfq","chunk_label":"unnamed-chunk-10","document_id":"4BA698D5","expansion_state":0,"options":{},"row":149,"row_count":1,"visible":true},{"chunk_id":"cms61dzle8fgb","chunk_label":"unnamed-chunk-11","document_id":"4BA698D5","expansion_state":0,"options":{},"row":157,"row_count":1,"visible":true},{"chunk_id":"cn35wkmwocqmq","chunk_label":"unnamed-chunk-12","document_id":"4BA698D5","expansion_state":0,"options":{},"row":166,"row_count":1,"visible":true},{"chunk_id":"cwplilhjao3jy","chunk_label":"unnamed-chunk-13","document_id":"4BA698D5","expansion_state":0,"options":{},"row":173,"row_count":1,"visible":true},{"chunk_id":"c3d1i8hswwfw1","chunk_label":"unnamed-chunk-16","document_id":"4BA698D5","expansion_state":0,"options":{},"row":212,"row_count":1,"visible":true},{"chunk_id":"cqzzfcu47s2gt","chunk_label":"unnamed-chunk-17","document_id":"4BA698D5","expansion_state":0,"options":{},"row":229,"row_count":1,"visible":true},{"chunk_id":"cw1hrwjvjizsq","chunk_label":"unnamed-chunk-18","document_id":"4BA698D5","expansion_state":0,"options":{},"row":253,"row_count":1,"visible":true},{"chunk_id":"cp0h9f88s3def","chunk_label":"unnamed-chunk-19","document_id":"4BA698D5","expansion_state":0,"options":{},"row":281,"row_count":1,"visible":true},{"chunk_id":"c4tiq9hmswh03","chunk_label":"unnamed-chunk-20","document_id":"4BA698D5","expansion_state":0,"options":{},"row":300,"row_count":1,"visible":true},{"chunk_id":"c5x6yflm75591","chunk_label":"unnamed-chunk-21","document_id":"4BA698D5","expansion_state":0,"options":{},"row":305,"row_count":1,"visible":true},{"chunk_id":"cl0xkrys93hsb","chunk_label":"unnamed-chunk-22","document_id":"4BA698D5","expansion_state":0,"options":{},"row":369,"row_count":1,"visible":true},{"chunk_id":"c0tt9s80402ah","chunk_label":"unnamed-chunk-23","document_id":"4BA698D5","expansion_state":0,"options":{},"row":378,"row_count":1,"visible":true},{"chunk_id":"cborb7li33y7b","chunk_label":"unnamed-chunk-24","document_id":"4BA698D5","expansion_state":0,"options":{},"row":384,"row_count":1,"visible":true},{"chunk_id":"cw7t648w2iyih","chunk_label":"unnamed-chunk-25","document_id":"4BA698D5","expansion_state":0,"options":{},"row":407,"row_count":1,"visible":true}],"chunk_rendered_width":625,"default_chunk_options":{"dpi":200.0000000000000,"fig.cap":"","fig.height":2.500000000000000,"fig.path":"lecture-4-fig/","fig.width":4.000000000000000},"doc_write_time":1611896529,"working_dir":null}